Plot #,Tree/shrub species,Subplot #,DBH,Status
1,Prunus serotina,1,3.0,A
1,Prunus serotina,2,1.0,A
1,Prunus serotina,2,4.0,A
1,Prunus serotina,2,3.6,A
1,Prunus serotina,2,3.3,A
1,Prunus serotina,3,1.2,A
1,Prunus serotina,3,1.0,A
1,Prunus serotina,3,5.4,A
1,Prunus serotina,5,1.6,A
1,Prunus serotina,5,1.0,A
1,Prunus serotina,6,1.2,A
1,Prunus serotina,8,3.7,A
1,Quercus alba,1,11.7,A
1,Quercus alba,2,24.0,A
1,Quercus alba,2,12.9,A
1,Quercus alba,2,10.6,A
1,Quercus alba,3,9.6,A
1,Quercus alba,3,8.0,A
1,Quercus alba,4,14.4,A
1,Quercus alba,5,7.5,A
1,Quercus alba,6,7.9,A
1,Quercus alba,6,10.1,A
1,Quercus alba,6,11.5,A
1,Quercus alba,7,3.8,A
1,Quercus alba,8,6.3,A
1,Quercus alba,8,11.2,A
1,Quercus alba,9,9.4,A
1,Quercus alba,9,7.3,A
1,Quercus alba,9,8.9,A
1,Ulmus americana,1,1.7,A
1,Ulmus americana,6,1.5,A
1,Acer rubrum,2,3.4,A
1,Acer rubrum,2,1.7,A
1,Acer rubrum,3,4.8,A
1,Acer rubrum,4,1.5,A
1,Acer rubrum,5,3.6,A
1,Acer rubrum,6,2.4,A
1,Amelanchier laevis,1,1.1,A
1,Amelanchier laevis,3,1.0,A
1,Amelanchier laevis,3,1.4,A
1,Amelanchier laevis,3,1.6,A
1,Amelanchier laevis,5,1.7,A
1,Amelanchier arborea,3,1.4,A
1,Amelanchier arborea,5,1.3,A
1,Quercus rubra,4,23.8,A
1,Quercus rubra,7,3.1,A
1,Quercus velutina,5,11.7,A
1,Quercus velutina,5,14.3,A
1,Quercus velutina,5,8.0,A
1,Quercus velutina,6,9.6,A
1,Quercus velutina,7,9.7,A
1,Quercus velutina,7,9.4,A
1,Quercus velutina,7,10.2,A
1,Quercus velutina,7,16.2,A
1,Quercus velutina,7,10.8,A
1,Quercus velutina,8,13.3,A
1,Quercus velutina,8,11.9,A
1,Quercus velutina,8,12.0,A
1,Quercus velutina,8,14.7,A
1,Quercus velutina,8,2.6,A
1,Quercus velutina,9,13.3,A
1,Quercus velutina,9,10.3,A
1,Quercus velutina,9,11.6,A
1,Quercus velutina,9,11.3,A
1,Quercus velutina,9,5.6,A
1,Carya ovalis,4,8.2,A
1,Carya ovalis,4,8.1,A
1,Carya ovalis,4,13.5,A
1,Carya ovalis,8,1.7,A
1,Carya ovalis,8,2.4,A
1,Tilia americana,6,3.1,A
1,Sassafras albidum,7,2.5,A
1,Sassafras albidum,7,2.0,A
1,Sassafras albidum,7,1.6,A
1,Sassafras albidum,8,4.7,A
1,Sassafras albidum,8,2.7,A
1,Sassafras albidum,8,4.3,A
1,Prunus virginiana,1,1.1,A
1,Prunus virginiana,1,1.5,A
1,Prunus virginiana,1,1.2,A
1,Prunus virginiana,2,2.1,A
1,Prunus virginiana,2,1.9,A
1,Prunus virginiana,2,1.0,A
1,Prunus virginiana,2,2.0,A
1,Prunus virginiana,2,1.0,A
1,Prunus virginiana,2,1.9,A
1,Prunus virginiana,3,1.0,A
1,Prunus virginiana,4,1.6,A
1,Prunus virginiana,4,1.4,A
1,Prunus virginiana,4,2.2,A
1,Prunus virginiana,6,1.0,A
1,Prunus virginiana,7,1.3,A
1,Prunus virginiana,7,1.8,A
1,Prunus virginiana,8,1.5,A
1,Prunus virginiana,8,1.1,A
1,Prunus virginiana,9,1.3,A
1,Hamamelis virginiana #,1,4.0,D
1,Hamamelis virginiana #,2,1.0,D
1,Hamamelis virginiana #,4,5.0,D
1,Hamamelis virginiana #,5,1.0,D
1,Hamamelis virginiana #,7,7.0,D
1,Hamamelis virginiana #,8,11.0,D
1,Prunus virginiana,1,0.8,D
1,Prunus virginiana,8,0.4,D
1,Amelanchier sanguinea,4,0.5,D
1,Sassafras albidum,6,1.8,D
1,Sassafras albidum,7,1.4,D
1,Sassafras albidum,8,2.4,D
1,Sassafras albidum,9,1.7,D
1,Quercus velutina,7,10.3,D
1,Quercus velutina,9,8.0,D
1,Quercus rubra,7,7.4,D
1,Prunus serotina,8,0.5,D
2,Quercus alba,3,5.4,D
2,Quercus alba,9,1.5,D
2,Quercus velutina,3,4.1,D
2,Quercus velutina,6,8.0,D
2,Quercus velutina,7,6.8,D
2,Quercus velutina,7,11.5,D
2,Quercus velutina,9,4.3,D
2,Quercus velutina,9,1.6,D
2,Quercus alba,1,13.6,A
2,Quercus alba,1,11.5,A
2,Quercus alba,2,8.9,A
2,Quercus alba,2,1.0,A
2,Quercus alba,3,8.4,A
2,Quercus alba,3,12.9,A
2,Quercus alba,4,13.0,A
2,Quercus alba,4,6.7,A
2,Quercus alba,6,2.9,A
2,Quercus alba,7,2.7,A
2,Quercus alba,8,1.0,A
2,Quercus alba,8,18.0,A
2,Quercus alba,9,4.0,A
2,Quercus alba,9,2.0,A
2,Quercus alba,9,2.9,A
2,Carya ovalis,2,7.2,A
2,Carya ovalis,2,1.9,A
2,Carya ovalis,2,7.6,A
2,Carya ovalis,3,2.8,A
2,Carya ovalis,6,7.8,A
2,Carya ovalis,8,1.1,A
2,Carya ovalis,8,8.1,A
2,Carya ovalis,9,17.2,A
2,Quercus velutina,1,8.6,A
2,Quercus velutina,1,4.5,A
2,Quercus velutina,1,2.2,A
2,Quercus velutina,2,10.0,A
2,Quercus velutina,3,15.0,A
2,Quercus velutina,4,5.4,A
2,Quercus velutina,4,5.5,A
2,Quercus velutina,4,5.0,A
2,Quercus velutina,4,4.6,A
2,Quercus velutina,4,8.1,A
2,Quercus velutina,4,3.9,A
2,Quercus velutina,4,9.3,A
2,Quercus velutina,4,4.4,A
2,Quercus velutina,4,5.7,A
2,Quercus velutina,5,3.4,A
2,Quercus velutina,5,4.8,A
2,Quercus velutina,5,16.1,A
2,Quercus velutina,5,5.2,A
2,Quercus velutina,5,3.0,A
2,Quercus velutina,6,13.7,A
2,Quercus velutina,6,15.5,A
2,Quercus velutina,6,2.0,A
2,Quercus velutina,7,5.5,A
2,Quercus velutina,7,7.7,A
2,Quercus velutina,7,5.1,A
2,Quercus velutina,7,7.1,A
2,Quercus velutina,7,4.2,A
2,Quercus velutina,8,4.6,A
2,Quercus velutina,8,11.9,A
2,Quercus velutina,8,2.3,A
2,Quercus velutina,8,3.3,A
2,Quercus velutina,8,4.4,A
2,Quercus velutina,8,11.2,A
2,Quercus velutina,9,2.6,A
2,Quercus velutina,9,3.1,A
2,Quercus velutina,9,2.0,A
2,Quercus velutina,9,3.4,A
2,Quercus velutina,9,11.0,A
2,Quercus velutina,9,4.0,A
2,Sassafras albidum,1,3.2,A
2,Sassafras albidum,6,1.5,A
2,Sassafras albidum,6,1.9,A
2,Prunus serotina,3,1.0,A
2,Prunus serotina,6,3.3,A
2,Prunus serotina,6,1.2,A
2,Prunus serotina,6,1.6,A
2,Prunus serotina,8,2.1,A
2,Prunus serotina,9,5.4,A
2,Amelanchier laevis,6,1.1,A
2,Amelanchier laevis,6,1.4,A
3,Quercus alba,4,3.0,D
3,Quercus alba,4,3.3,D
3,Quercus alba,7,2.3,D
3,Quercus velutina,1,4.6,D
3,Quercus velutina,1,5.0,D
3,Quercus velutina,1,5.3,D
3,Quercus velutina,1,4.3,D
3,Quercus velutina,1,2.8,D
3,Quercus velutina,2,4.6,D
3,Quercus velutina,2,4.6,D
3,Quercus velutina,2,2.8,D
3,Quercus velutina,3,4.0,D
3,Quercus velutina,3,2.1,D
3,Quercus velutina,4,3.3,D
3,Quercus velutina,4,4.5,D
3,Quercus velutina,5,4.0,D
3,Quercus velutina,5,3.6,D
3,Quercus velutina,5,3.4,D
3,Quercus velutina,6,3.1,D
3,Quercus velutina,6,4.3,D
3,Quercus velutina,8,5.0,D
3,Quercus velutina,9,3.7,D
3,Quercus velutina,9,1.9,D
3,Vitis spp.,3,0.8,D
3,Vitis spp.,4,0.4,D
3,Prunus serotina,6,0.6,D
3,Crataegus spp.,6,0.7,D
3,Crataegus spp.,6,0.6,D
3,Quercus alba,2,1.9,A
3,Quercus alba,3,4.1,A
3,Quercus alba,4,17.2,A
3,Quercus alba,4,4.4,A
3,Quercus alba,4,4.7,A
3,Quercus alba,7,5.1,A
3,Quercus alba,7,6.7,A
3,Quercus alba,7,7.5,A
3,Quercus alba,7,4.1,A
3,Quercus alba,8,3.0,A
3,Quercus alba,8,8.8,A
3,Quercus alba,8,7.3,A
3,Quercus alba,8,1.6,A
3,Quercus alba,9,2.3,A
3,Carya ovalis,1,2.2,A
3,Carya ovalis,1,6.8,A
3,Carya ovalis,2,12.0,A
3,Carya ovalis,2,3.3,A
3,Carya ovalis,2,4.5,A
3,Carya ovalis,3,2.5,A
3,Carya ovalis,4,5.6,A
3,Carya ovalis,4,2.2,A
3,Carya ovalis,5,9.5,A
3,Carya ovalis,7,3.8,A
3,Carya ovalis,7,2.3,A
3,Carya ovalis,7,1.9,A
3,Carya ovalis,9,4.4,A
3,Quercus velutina,1,6.9,A
3,Quercus velutina,1,10.1,A
3,Quercus velutina,1,7.0,A
3,Quercus velutina,1,6.8,A
3,Quercus velutina,1,6.1,A
3,Quercus velutina,1,7.2,A
3,Quercus velutina,1,4.7,A
3,Quercus velutina,1,9.8,A
3,Quercus velutina,1,6.0,A
3,Quercus velutina,2,5.9,A
3,Quercus velutina,2,5.7,A
3,Quercus velutina,2,4.4,A
3,Quercus velutina,2,8.0,A
3,Quercus velutina,3,5.0,A
3,Quercus velutina,3,9.6,A
3,Quercus velutina,3,6.1,A
3,Quercus velutina,3,7.0,A
3,Quercus velutina,3,6.2,A
3,Quercus velutina,3,7.0,A
3,Quercus velutina,3,5.4,A
3,Quercus velutina,4,6.5,A
3,Quercus velutina,4,5.4,A
3,Quercus velutina,4,7.1,A
3,Quercus velutina,4,7.9,A
3,Quercus velutina,5,4.9,A
3,Quercus velutina,5,5.3,A
3,Quercus velutina,5,8.8,A
3,Quercus velutina,5,8.3,A
3,Quercus velutina,5,5.5,A
3,Quercus velutina,5,5.1,A
3,Quercus velutina,5,7.6,A
3,Quercus velutina,5,8.0,A
3,Quercus velutina,6,7.0,A
3,Quercus velutina,6,5.5,A
3,Quercus velutina,6,5.3,A
3,Quercus velutina,6,9.4,A
3,Quercus velutina,6,4.2,A
3,Quercus velutina,6,7.5,A
3,Quercus velutina,6,9.4,A
3,Quercus velutina,8,6.6,A
3,Quercus velutina,8,6.4,A
3,Quercus velutina,8,5.5,A
3,Quercus velutina,8,7.8,A
3,Quercus velutina,8,8.0,A
3,Quercus velutina,9,9.4,A
3,Quercus velutina,9,9.6,A
3,Quercus velutina,9,8.5,A
3,Quercus velutina,9,6.8,A
3,Quercus velutina,9,6.6,A
3,Quercus velutina,9,8.0,A
3,Prunus serotina,8,1.4,A
3,Carya ovata,8,4.3,A
3,Vitis spp.,4,0.4,A
3,Vitis spp.,4,1.0,A
3,Vitis spp.,6,0.6,A
3,Vitis spp.,9,0.8,A
4,Quercus alba,2,1.8,D
4,Quercus alba,8,2.0,D
4,Carya ovalis,1,0.8,D
4,Quercus velutina,1,3.8,D
4,Quercus velutina,2,3.1,D
4,Quercus velutina,2,3.1,D
4,Quercus velutina,3,3.8,D
4,Quercus velutina,3,3.4,D
4,Quercus velutina,4,4.1,D
4,Quercus velutina,4,11.5,D
4,Quercus velutina,4,4.1,D
4,Quercus velutina,6,1.4,D
4,Quercus velutina,8,2.8,D
4,Quercus velutina,9,3.3,D
4,Quercus velutina,9,4.0,D
4,Crataegus spp.,7,0.5,D
4,Crataegus spp.,8,0.4,D
4,Quercus alba,1,1.0,A
4,Quercus alba,2,2.1,A
4,Quercus alba,2,5.2,A
4,Quercus alba,2,2.1,A
4,Quercus alba,2,6.6,A
4,Quercus alba,3,2.2,A
4,Quercus alba,3,4.3,A
4,Quercus alba,4,1.9,A
4,Quercus alba,4,2.3,A
4,Quercus alba,4,2.8,A
4,Quercus alba,6,4.7,A
4,Quercus alba,7,2.1,A
4,Quercus alba,7,3.0,A
4,Quercus alba,7,4.2,A
4,Quercus alba,8,14.7,A
4,Carya ovalis,2,2.8,A
4,Carya ovalis,2,2.5,A
4,Carya ovalis,2,2.7,A
4,Carya ovalis,3,2.6,A
4,Carya ovalis,4,3.0,A
4,Carya ovalis,5,1.7,A
4,Carya ovalis,5,7.5,A
4,Quercus velutina,1,4.9,A
4,Quercus velutina,1,8.5,A
4,Quercus velutina,1,6.5,A
4,Quercus velutina,1,6.0,A
4,Quercus velutina,1,4.5,A
4,Quercus velutina,1,6.9,A
4,Quercus velutina,2,8.7,A
4,Quercus velutina,2,6.0,A
4,Quercus velutina,2,5.0,A
4,Quercus velutina,2,7.6,A
4,Quercus velutina,2,8.3,A
4,Quercus velutina,2,5.2,A
4,Quercus velutina,3,8.9,A
4,Quercus velutina,3,7.5,A
4,Quercus velutina,3,7.4,A
4,Quercus velutina,3,9.2,A
4,Quercus velutina,3,6.6,A
4,Quercus velutina,3,6.5,A
4,Quercus velutina,3,6.5,A
4,Quercus velutina,4,15.3,A
4,Quercus velutina,4,5.8,A
4,Quercus velutina,4,11.8,A
4,Quercus velutina,4,9.2,A
4,Quercus velutina,5,10.5,A
4,Quercus velutina,5,5.6,A
4,Quercus velutina,5,12.6,A
4,Quercus velutina,6,11.5,A
4,Quercus velutina,6,9.9,A
4,Quercus velutina,6,9.1,A
4,Quercus velutina,6,4.0,A
4,Quercus velutina,6,6.6,A
4,Quercus velutina,7,8.2,A
4,Quercus velutina,7,4.5,A
4,Quercus velutina,7,9.5,A
4,Quercus velutina,8,4.7,A
4,Quercus velutina,8,3.5,A
4,Quercus velutina,8,6.6,A
4,Quercus velutina,9,9.0,A
4,Quercus velutina,9,10.7,A
4,Quercus velutina,9,10.0,A
4,Quercus velutina,9,5.5,A
4,Quercus velutina,9,7.5,A
4,Quercus velutina,9,7.2,A
4,Quercus velutina,9,8.2,A
4,Prunus serotina,8,2.0,A
4,Prunus serotina,9,4.1,A
4,Carya ovata,7,6.4,A
4,Populus grandidentata,1,2.7,A
4,Populus grandidentata,7,4.3,A
4,Populus grandidentata,8,5.7,A
4,Vitis spp.,3,1.5,A
4,Vitis spp.,7,6.7,A
6,Hamamelis virginiana #,1,2.0,D
6,Hamamelis virginiana #,3,1.0,D
6,Quercus alba,9,2.8,D
6,Amelanchier arborea,6,2.0,D
6,Quercus rubra,1,5.1,D
6,Quercus rubra,2,5.3,D
6,Prunus serotina,2,0.9,D
6,Prunus serotina,2,1.1,D
6,Prunus serotina,6,4.1,D
6,Prunus serotina,6,0.2,D
6,Prunus serotina,7,0.2,D
6,Prunus serotina,7,1.5,D
6,Prunus serotina,7,0.2,D
6,Prunus serotina,8,1.8,D
6,Prunus serotina,8,1.3,D
6,Carya ovalis,4,0.6,D
6,Carya ovalis,8,4.5,D
6,Crataegus spp.,6,0.3,D
6,Vaccinium spp.,6,0.2,D
6,Prunus serotina,2,14.4,A
6,Prunus serotina,2,2.0,A
6,Prunus serotina,3,2.5,A
6,Prunus serotina,4,3.9,A
6,Prunus serotina,4,6.7,A
6,Prunus serotina,4,1.3,A
6,Prunus serotina,5,7.7,A
6,Prunus serotina,5,3.7,A
6,Prunus serotina,5,1.5,A
6,Prunus serotina,5,1.7,A
6,Prunus serotina,5,2.8,A
6,Prunus serotina,6,1.9,A
6,Prunus serotina,7,6.2,A
6,Prunus serotina,7,4.4,A
6,Prunus serotina,8,3.6,A
6,Prunus serotina,8,3.6,A
6,Prunus serotina,8,1.6,A
6,Prunus serotina,8,3.5,A
6,Prunus serotina,8,4.6,A
6,Prunus serotina,8,1.0,A
6,Prunus serotina,8,3.2,A
6,Prunus serotina,8,5.1,A
6,Prunus serotina,9,2.8,A
6,Prunus serotina,9,1.3,A
6,Prunus serotina,9,1.8,A
6,Prunus serotina,9,7.6,A
6,Prunus serotina,9,9.2,A
6,Prunus serotina,9,7.0,A
6,Prunus serotina,9,3.3,A
6,Quercus alba,3,25.3,A
6,Quercus alba,3,10.2,A
6,Quercus alba,4,14.7,A
6,Quercus alba,4,24.6,A
6,Quercus alba,7,16.6,A
6,Quercus alba,7,13.7,A
6,Quercus alba,7,10.3,A
6,Quercus alba,7,18.4,A
6,Quercus alba,7,11.2,A
6,Quercus alba,7,4.9,A
6,Quercus alba,8,23.0,A
6,Quercus alba,9,10.3,A
6,Ulmus americana,9,4.2,A
6,Acer rubrum,1,1.9,A
6,Acer rubrum,1,3.6,A
6,Acer rubrum,1,9.7,A
6,Acer rubrum,1,5.5,A
6,Acer rubrum,3,5.8,A
6,Acer rubrum,3,2.7,A
6,Acer rubrum,3,1.3,A
6,Acer rubrum,7,2.8,A
6,Acer rubrum,8,2.0,A
6,Amelanchier arborea,2,1.0,A
6,Amelanchier arborea,2,2.5,A
6,Amelanchier arborea,6,2.9,A
6,Amelanchier arborea,6,3.5,A
6,Quercus rubra,2,6.1,A
6,Carya ovalis,5,4.0,A
6,Carya ovalis,5,5.6,A
6,Carya ovalis,5,2.6,A
6,Carya ovalis,5,13.2,A
6,Carya ovalis,6,8.9,A
6,Carya ovalis,6,6.8,A
6,Carya ovalis,7,9.6,A
6,Carya ovalis,8,2.5,A
6,Carya ovalis,9,10.0,A
6,Carya ovalis,9,4.0,A
7,Quercus alba,2,2.4,D
7,Quercus alba,2,3.8,D
7,Quercus alba,3,1.0,D
7,Quercus alba,3,1.5,D
7,Quercus alba,3,1.2,D
7,Quercus alba,6,1.7,D
7,Quercus velutina,3,3.3,D
7,Quercus velutina,4,4.3,D
7,Quercus velutina,4,4.3,D
7,Quercus velutina,4,3.3,D
7,Quercus velutina,5,4.8,D
7,Quercus velutina,6,5.8,D
7,Quercus velutina,6,3.9,D
7,Quercus velutina,6,8.6,D
7,Quercus velutina,6,3.8,D
7,Quercus velutina,7,4.4,D
7,Quercus velutina,7,8.4,D
7,Quercus velutina,7,3.2,D
7,Quercus velutina,7,4.3,D
7,Quercus velutina,8,1.7,D
7,Quercus velutina,8,4.4,D
7,Quercus velutina,8,5.0,D
7,Quercus velutina,8,3.2,D
7,Populus grandidentata,2,0.2,D
7,Hamamelis virginiana,8,0.9,D
7,Prunus serotina,5,3.1,D
7,Prunus serotina,8,0.5,D
7,Quercus alba,1,3.7,A
7,Quercus alba,1,6.3,A
7,Quercus alba,2,3.1,A
7,Quercus alba,2,2.2,A
7,Quercus alba,2,2.4,A
7,Quercus alba,2,4.4,A
7,Quercus alba,2,1.2,A
7,Quercus alba,3,2.0,A
7,Quercus alba,3,1.8,A
7,Quercus alba,3,1.8,A
7,Quercus alba,3,2.0,A
7,Quercus alba,3,1.5,A
7,Quercus alba,3,1.7,A
7,Quercus alba,3,1.8,A
7,Quercus alba,4,1.9,A
7,Quercus alba,4,2.6,A
7,Quercus alba,4,2.7,A
7,Quercus alba,4,1.7,A
7,Quercus alba,4,2.0,A
7,Quercus alba,6,2.5,A
7,Quercus alba,6,5.7,A
7,Quercus alba,6,2.7,A
7,Quercus alba,6,1.7,A
7,Quercus alba,6,3.9,A
7,Quercus alba,8,8.1,A
7,Quercus alba,9,4.1,A
7,Quercus alba,9,4.5,A
7,Quercus alba,9,3.8,A
7,Quercus velutina,1,12.2,A
7,Quercus velutina,2,5.6,A
7,Quercus velutina,3,9.0,A
7,Quercus velutina,3,11.4,A
7,Quercus velutina,4,11.9,A
7,Quercus velutina,4,8.3,A
7,Quercus velutina,4,6.6,A
7,Quercus velutina,4,6.2,A
7,Quercus velutina,4,9.2,A
7,Quercus velutina,5,7.7,A
7,Quercus velutina,5,11.2,A
7,Quercus velutina,5,12.4,A
7,Quercus velutina,5,6.7,A
7,Quercus velutina,5,10.3,A
7,Quercus velutina,6,12.4,A
7,Quercus velutina,6,6.1,A
7,Quercus velutina,6,6.4,A
7,Quercus velutina,7,13.7,A
7,Quercus velutina,7,9.6,A
7,Quercus velutina,7,8.8,A
7,Quercus velutina,7,7.6,A
7,Quercus velutina,7,8.9,A
7,Quercus velutina,8,10.0,A
7,Quercus velutina,8,6.1,A
7,Quercus velutina,8,8.5,A
7,Quercus velutina,8,10.0,A
7,Quercus velutina,8,9.8,A
7,Quercus velutina,9,8.1,A
7,Quercus velutina,9,7.0,A
7,Quercus velutina,9,5.0,A
7,Quercus velutina,9,5.4,A
7,Quercus velutina,9,5.8,A
7,Quercus velutina,9,6.2,A
7,Quercus velutina,9,10.0,A
7,Quercus rubra,1,8.6,A
7,Quercus rubra,3,11.4,A
7,Quercus rubra,3,12.4,A
7,Quercus rubra,3,11.0,A
7,Prunus serotina,2,1.5,A
7,Prunus serotina,2,1.4,A
7,Prunus serotina,3,1.4,A
7,Prunus serotina,4,6.0,A
7,Prunus serotina,4,12.8,A
7,Prunus serotina,5,7.9,A
7,Prunus serotina,5,5.0,A
7,Prunus serotina,7,1.0,A
7,Prunus serotina,7,1.1,A
7,Prunus serotina,8,1.8,A
7,Prunus serotina,8,2.8,A
7,Prunus serotina,9,1.3,A
7,Vitis spp.,7,1.1,A
7,Acer rubrum,2,1.5,A
7,Amelanchier laevis,5,1.0,A
8,Hamamelis virginiana #,1,8.0,D
8,Hamamelis virginiana #,2,2.0,D
8,Quercus alba,4,7.3,D
8,Quercus rubra,2,6.2,D
8,Quercus rubra,3,3.2,D
8,Quercus rubra,4,1.5,D
8,Quercus rubra,8,1.5,D
8,Quercus rubra,8,0.6,D
8,Quercus rubra,9,0.9,D
8,Prunus serotina,8,1.0,D
8,Carya ovalis,4,2.3,D
8,Prunus serotina,1,2.8,A
8,Prunus serotina,3,5.2,A
8,Prunus serotina,8,1.4,A
8,Prunus serotina,8,1.5,A
8,Prunus serotina,8,4.2,A
8,Prunus serotina,8,1.7,A
8,Prunus serotina,9,4.0,A
8,Prunus serotina,9,4.0,A
8,Quercus alba,1,5.3,A
8,Quercus alba,1,4.2,A
8,Quercus alba,7,8.5,A
8,Quercus alba,7,8.4,A
8,Quercus alba,8,15.7,A
8,Quercus alba,8,4.4,A
8,Quercus alba,8,2.2,A
8,Quercus alba,8,10.6,A
8,Quercus alba,9,8.9,A
8,Quercus alba,9,10.5,A
8,Quercus alba,9,10.0,A
8,Acer rubrum,1,1.0,A
8,Acer rubrum,1,2.8,A
8,Acer rubrum,1,2.1,A
8,Acer rubrum,1,1.4,A
8,Acer rubrum,1,5.3,A
8,Acer rubrum,2,3.6,A
8,Acer rubrum,2,3.1,A
8,Acer rubrum,2,5.0,A
8,Acer rubrum,2,1.1,A
8,Acer rubrum,2,2.3,A
8,Acer rubrum,3,3.6,A
8,Acer rubrum,4,1.0,A
8,Acer rubrum,4,1.3,A
8,Acer rubrum,5,3.0,A
8,Acer rubrum,5,2.4,A
8,Acer rubrum,6,1.2,A
8,Acer rubrum,9,1.2,A
8,Amelanchier laevis,1,1.7,A
8,Amelanchier laevis,1,1.0,A
8,Amelanchier laevis,2,1.9,A
8,Amelanchier laevis,5,1.6,A
8,Amelanchier laevis,6,1.4,A
8,Amelanchier laevis,8,1.0,A
8,Quercus rubra,1,25.7,A
8,Quercus rubra,1,2.9,A
8,Quercus rubra,2,25.3,A
8,Quercus rubra,2,4.5,A
8,Quercus rubra,3,22.3,A
8,Quercus rubra,3,7.2,A
8,Quercus rubra,4,7.8,A
8,Quercus rubra,4,2.5,A
8,Quercus rubra,4,2.0,A
8,Quercus rubra,5,5.5,A
8,Quercus rubra,5,21.3,A
8,Quercus rubra,5,9.2,A
8,Quercus rubra,5,9.9,A
8,Quercus rubra,5,6.4,A
8,Quercus rubra,6,1.2,A
8,Quercus rubra,6,2.0,A
8,Quercus rubra,6,14.9,A
8,Quercus rubra,6,1.6,A
8,Quercus rubra,7,5.5,A
8,Quercus rubra,7,6.3,A
8,Quercus rubra,7,10.8,A
8,Quercus rubra,8,1.3,A
8,Quercus rubra,8,1.0,A
8,Quercus rubra,8,5.7,A
8,Quercus rubra,9,9.7,A
8,Quercus rubra,9,1.8,A
8,Carya ovalis,1,7.5,A
8,Carya ovalis,1,4.7,A
8,Carya ovalis,1,7.0,A
8,Carya ovalis,2,5.5,A
8,Carya ovalis,3,3.0,A
8,Carya ovalis,3,1.9,A
8,Carya ovalis,3,2.2,A
8,Carya ovalis,5,6.2,A
8,Carya ovalis,5,3.5,A
8,Carya ovalis,6,1.4,A
8,Carya ovalis,6,5.2,A
8,Carya ovalis,7,8.6,A
8,Carya ovalis,7,4.7,A
8,Carya ovalis,7,7.5,A
8,Carya ovalis,8,4.7,A
8,Carya ovalis,9,2.0,A
8,Carya ovalis,9,1.9,A
8,Quercus velutina,9,9.9,A
8,Quercus velutina,9,13.7,A
8,Populus grandidentata,2,8.8,A
8,Populus grandidentata,8,2.3,A
9,Quercus alba,1,0.9,D
9,Quercus alba,1,2.5,D
9,Quercus alba,1,2.8,D
9,Quercus alba,4,3.5,D
9,Quercus alba,7,1.6,D
9,Quercus velutina,1,6.5,D
9,Quercus velutina,2,10.2,D
9,Quercus velutina,5,3.4,D
9,Populus grandidentata,5,4.6,D
9,Quercus alba,1,1.2,A
9,Quercus alba,1,4.2,A
9,Quercus alba,1,4.8,A
9,Quercus alba,1,4.5,A
9,Quercus alba,1,5.8,A
9,Quercus alba,1,4.5,A
9,Quercus alba,1,6.9,A
9,Quercus alba,1,3.2,A
9,Quercus alba,1,3.3,A
9,Quercus alba,2,1.4,A
9,Quercus alba,2,1.6,A
9,Quercus alba,2,3.8,A
9,Quercus alba,3,5.7,A
9,Quercus alba,3,12.5,A
9,Quercus alba,3,11.5,A
9,Quercus alba,3,4.8,A
9,Quercus alba,3,2.1,A
9,Quercus alba,3,10.1,A
9,Quercus alba,4,3.1,A
9,Quercus alba,4,9.4,A
9,Quercus alba,4,1.1,A
9,Quercus alba,4,1.6,A
9,Quercus alba,5,9.4,A
9,Quercus alba,6,1.6,A
9,Quercus alba,7,1.7,A
9,Quercus alba,7,1.4,A
9,Quercus alba,7,1.0,A
9,Quercus alba,7,1.0,A
9,Quercus alba,7,1.8,A
9,Quercus alba,8,3.9,A
9,Carya ovalis,1,4.5,A
9,Carya ovalis,1,8.2,A
9,Carya ovalis,4,3.1,A
9,Carya ovalis,5,1.1,A
9,Carya ovalis,5,1.2,A
9,Carya ovalis,5,2.2,A
9,Carya ovalis,7,1.0,A
9,Carya ovalis,8,1.1,A
9,Carya ovalis,9,6.4,A
9,Quercus velutina,1,12.9,A
9,Quercus velutina,2,7.4,A
9,Quercus velutina,2,4.7,A
9,Quercus velutina,2,17.4,A
9,Quercus velutina,3,8.1,A
9,Quercus velutina,3,11.7,A
9,Quercus velutina,3,10.3,A
9,Quercus velutina,3,12.8,A
9,Quercus velutina,4,8.8,A
9,Quercus velutina,4,9.2,A
9,Quercus velutina,4,5.0,A
9,Quercus velutina,4,9.3,A
9,Quercus velutina,4,7.2,A
9,Quercus velutina,4,9.0,A
9,Quercus velutina,4,8.1,A
9,Quercus velutina,5,4.2,A
9,Quercus velutina,5,4.9,A
9,Quercus velutina,5,3.8,A
9,Quercus velutina,5,10.5,A
9,Quercus velutina,6,16.3,A
9,Quercus velutina,6,5.1,A
9,Quercus velutina,6,6.7,A
9,Quercus velutina,6,4.2,A
9,Quercus velutina,6,2.2,A
9,Quercus velutina,6,3.1,A
9,Quercus velutina,7,6.1,A
9,Quercus velutina,7,10.4,A
9,Quercus velutina,7,7.4,A
9,Quercus velutina,7,4.9,A
9,Quercus velutina,7,10.1,A
9,Quercus velutina,7,11.3,A
9,Quercus velutina,8,9.9,A
9,Quercus velutina,8,6.5,A
9,Quercus velutina,8,8.4,A
9,Quercus velutina,8,9.1,A
9,Quercus velutina,8,7.4,A
9,Quercus velutina,8,7.3,A
9,Quercus velutina,8,3.3,A
9,Quercus velutina,9,9.3,A
9,Quercus velutina,9,16.4,A
9,Quercus velutina,9,5.9,A
9,Prunus serotina,7,1.9,A
9,Populus grandidentata,1,6.8,A
9,Populus grandidentata,4,8.0,A
9,Populus grandidentata,5,7.7,A
9,Populus grandidentata,5,5.0,A
9,Populus grandidentata,6,5.5,A
9,Populus grandidentata,9,3.8,A
9,Vitis spp.,1,2.2,A
9,Vitis spp.,1,1.3,A
9,Vitis spp.,7,1.0,A
9,Vitis spp.,7,1.1,A
9,Vitis spp.,7,0.9,A
9,Vitis spp.,7,1.3,A
9,Vitis spp.,7,0.8,A
9,Vitis spp.,7,0.7,A
10,Hamamelis virginiana #,1,4.0,D
10,Hamamelis virginiana #,2,3.0,D
10,Hamamelis virginiana #,3,1.0,D
10,Hamamelis virginiana #,4,5.0,D
10,Hamamelis virginiana #,5,7.0,D
10,Hamamelis virginiana #,6,4.0,D
10,Hamamelis virginiana #,7,5.0,D
10,Hamamelis virginiana #,8,4.0,D
10,Hamamelis virginiana #,9,2.0,D
10,Quercus alba,7,18.5,D
10,Quercus alba,8,4.5,D
10,Amelanchier sanguinea,5,0.5,D
10,Prunus serotina,2,7.7,A
10,Prunus serotina,3,7.1,A
10,Prunus serotina,4,2.1,A
10,Prunus serotina,9,2.4,A
10,Quercus alba,2,16.1,A
10,Quercus alba,3,12.6,A
10,Quercus alba,4,5.9,A
10,Quercus alba,5,7.4,A
10,Quercus alba,6,8.1,A
10,Quercus alba,6,11.7,A
10,Quercus alba,6,7.2,A
10,Quercus alba,6,10.2,A
10,Quercus alba,7,6.5,A
10,Quercus alba,7,18.2,A
10,Quercus alba,7,5.1,A
10,Quercus alba,8,8.1,A
10,Quercus alba,8,6.2,A
10,Quercus alba,9,7.5,A
10,Quercus alba,9,5.4,A
10,Quercus alba,9,8.4,A
10,Quercus alba,9,7.4,A
10,Quercus alba,9,4.7,A
10,Quercus alba,9,11.1,A
10,Quercus alba,9,1.0,A
10,Acer rubrum,1,15.8,A
10,Acer rubrum,1,3.0,A
10,Acer rubrum,2,1.7,A
10,Acer rubrum,2,7.8,A
10,Acer rubrum,2,6.0,A
10,Acer rubrum,3,5.7,A
10,Acer rubrum,3,1.9,A
10,Acer rubrum,4,1.0,A
10,Acer rubrum,5,2.4,A
10,Acer rubrum,6,3.0,A
10,Acer rubrum,8,2.3,A
10,Acer rubrum,8,2.1,A
10,Amelanchier laevis,4,2.0,A
10,Amelanchier laevis,4,1.9,A
10,Amelanchier laevis,4,1.8,A
10,Amelanchier laevis,4,1.0,A
10,Amelanchier laevis,8,1.3,A
10,Amelanchier laevis,8,1.7,A
10,Quercus rubra,3,25.0,A
10,Quercus rubra,4,8.8,A
10,Quercus rubra,4,14.1,A
10,Quercus rubra,5,18.0,A
10,Quercus rubra,6,15.1,A
10,Quercus rubra,9,11.4,A
10,Carya ovalis,4,7.9,A
10,Carya ovalis,6,4.5,A
10,Carya ovalis,7,5.0,A
10,Carya ovalis,7,3.8,A
10,Carya ovalis,8,5.9,A
10,Quercus velutina,9,15.0,A
10,Ulmus americana,3,3.5,A
11,Hamamelis virginiana #,1,9.0,D
11,Hamamelis virginiana #,2,1.0,D
11,Hamamelis virginiana #,5,11.0,D
11,Hamamelis virginiana #,7,5.0,D
11,Hamamelis virginiana #,8,6.0,D
11,Quercus alba,2,1.3,D
11,Quercus alba,4,1.6,D
11,Quercus alba,5,1.2,D
11,Quercus alba,6,2.9,D
11,Amelanchier sanguinea,8,0.5,D
11,Amelanchier sanguinea,8,0.7,D
11,Quercus velutina,8,7.0,D
11,Quercus rubra,5,2.1,D
11,Quercus rubra,7,1.8,D
11,Prunus serotina,2,0.7,D
11,Carya ovalis,1,7.6,D
11,Carya ovalis,4,6.3,D
11,Prunus serotina,1,4.6,A
11,Prunus serotina,1,1.1,A
11,Prunus serotina,2,1.8,A
11,Prunus serotina,2,2.4,A
11,Prunus serotina,2,3.2,A
11,Prunus serotina,3,4.0,A
11,Prunus serotina,5,1.7,A
11,Prunus serotina,5,4.0,A
11,Prunus serotina,7,3.6,A
11,Prunus serotina,9,1.3,A
11,Prunus serotina,9,2.8,A
11,Quercus alba,2,3.7,A
11,Quercus alba,2,14.6,A
11,Quercus alba,2,14.0,A
11,Quercus alba,4,3.0,A
11,Quercus alba,4,1.7,A
11,Quercus alba,5,6.1,A
11,Quercus alba,5,2.2,A
11,Quercus alba,6,15.2,A
11,Quercus alba,6,5.1,A
11,Quercus alba,6,12.8,A
11,Quercus alba,6,6.7,A
11,Quercus alba,7,1.5,A
11,Quercus alba,8,13.7,A
11,Quercus alba,8,8.5,A
11,Quercus alba,8,3.1,A
11,Quercus alba,9,7.6,A
11,Quercus alba,9,5.3,A
11,Amelanchier arborea,2,2.6,A
11,Amelanchier arborea,8,2.5,A
11,Amelanchier arborea,8,2.8,A
11,Amelanchier arborea,8,2.1,A
11,Amelanchier arborea,8,1.4,A
11,Amelanchier arborea,8,2.7,A
11,Amelanchier arborea,8,1.1,A
11,Quercus rubra,5,7.9,A
11,Carya ovalis,1,5.3,A
11,Carya ovalis,1,10.0,A
11,Carya ovalis,2,8.1,A
11,Carya ovalis,2,17.2,A
11,Carya ovalis,3,3.4,A
11,Carya ovalis,3,11.7,A
11,Carya ovalis,3,6.0,A
11,Carya ovalis,4,15.1,A
11,Carya ovalis,5,12.4,A
11,Carya ovalis,5,1.8,A
11,Carya ovalis,6,8.8,A
11,Carya ovalis,7,3.3,A
11,Carya ovalis,7,3.7,A
11,Carya ovalis,7,4.8,A
11,Carya ovalis,8,3.2,A
11,Carya ovalis,8,15.0,A
11,Carya ovalis,9,10.2,A
11,Carya ovalis,9,2.7,A
11,Quercus velutina,1,13.6,A
11,Quercus velutina,3,12.5,A
11,Quercus velutina,3,14.1,A
11,Quercus velutina,7,13.3,A
11,Quercus velutina,7,13.1,A
11,Carya ovata,3,5.6,A
11,Carya ovata,4,8.2,A
11,Carya ovata,4,10.2,A
11,Carya ovata,9,10.6,A
11,Carya ovata,9,9.7,A
12,Quercus alba,1,1.5,D
12,Quercus alba,1,1.5,D
12,Quercus alba,3,6.0,D
12,Carya ovalis,4,1.4,D
12,Quercus velutina,2,7.0,D
12,Quercus velutina,3,4.3,D
12,Quercus velutina,7,3.7,D
12,Quercus velutina,9,2.0,D
12,Quercus velutina,9,3.2,D
12,Quercus rubra,4,4.6,D
12,Quercus rubra,7,0.9,D
12,Crataegus spp.,2,0.4,D
12,Quercus alba,1,3.5,A
12,Quercus alba,1,4.9,A
12,Quercus alba,1,2.4,A
12,Quercus alba,1,15.2,A
12,Quercus alba,1,10.3,A
12,Quercus alba,2,13.1,A
12,Quercus alba,2,4.9,A
12,Quercus alba,2,1.0,A
12,Quercus alba,3,18.3,A
12,Quercus alba,3,6.9,A
12,Quercus alba,3,12.2,A
12,Quercus alba,6,14.2,A
12,Quercus alba,7,13.6,A
12,Quercus alba,7,7.4,A
12,Quercus alba,7,6.8,A
12,Quercus alba,7,12.0,A
12,Quercus alba,8,5.2,A
12,Quercus alba,9,1.4,A
12,Carya ovalis,1,3.6,A
12,Carya ovalis,3,3.5,A
12,Carya ovalis,9,3.2,A
12,Quercus velutina,2,5.8,A
12,Quercus velutina,4,9.5,A
12,Quercus velutina,5,6.8,A
12,Quercus velutina,5,5.0,A
12,Quercus velutina,5,8.2,A
12,Quercus velutina,6,6.5,A
12,Quercus velutina,7,9.4,A
12,Quercus velutina,7,5.9,A
12,Quercus velutina,7,9.3,A
12,Quercus velutina,8,12.6,A
12,Quercus velutina,8,14.5,A
12,Quercus velutina,8,7.0,A
12,Quercus velutina,8,5.0,A
12,Quercus velutina,8,4.3,A
12,Quercus velutina,9,2.3,A
12,Quercus velutina,9,1.6,A
12,Quercus velutina,9,1.2,A
12,Quercus velutina,9,1.6,A
12,Quercus velutina,9,6.8,A
12,Quercus velutina,9,5.1,A
12,Quercus rubra,2,2.4,A
12,Quercus rubra,3,1.5,A
12,Quercus rubra,3,2.1,A
12,Quercus rubra,4,6.3,A
12,Quercus rubra,4,16.7,A
12,Quercus rubra,4,4.3,A
12,Quercus rubra,7,2.2,A
12,Quercus rubra,7,1.7,A
12,Quercus rubra,8,5.0,A
12,Quercus rubra,8,3.9,A
12,Quercus rubra,8,2.2,A
12,Quercus rubra,8,2.9,A
12,Quercus rubra,9,8.2,A
12,Prunus serotina,2,12.0,A
12,Prunus serotina,8,2.8,A
12,Prunus serotina,8,3.2,A
12,Populus grandidentata,1,4.9,A
12,Populus grandidentata,3,6.6,A
12,Populus grandidentata,4,7.2,A
12,Acer rubrum,2,4.1,A
12,Amelanchier laevis,2,1.1,A
12,Amelanchier laevis,2,1.0,A
12,Amelanchier laevis,2,1.0,A
12,Amelanchier laevis,2,2.5,A
12,Amelanchier laevis,2,1.0,A
12,Juniperus virginiana,3,6.1,A
12,Amelanchier arborea,9,1.9,A
12,Amelanchier arborea,9,2.8,A
12,Amelanchier arborea,9,1.0,A
13,Quercus alba,2,0.2,D
13,Quercus alba,3,1.2,D
13,Quercus alba,4,0.9,D
13,Quercus alba,5,2.6,D
13,Quercus alba,6,2.0,D
13,Sassafras albidum,3,3.0,D
13,Sassafras albidum,4,0.6,D
13,Sassafras albidum,4,1.7,D
13,Sassafras albidum,4,1.6,D
13,Sassafras albidum,4,1.5,D
13,Quercus rubra,8,1.0,D
13,Quercus rubra,9,3.0,D
13,Prunus serotina,4,0.3,D
13,Prunus serotina,7,0.6,D
13,Prunus serotina,9,0.3,D
13,Carya ovalis,5,4.3,D
13,Crataegus spp.,4,0.6,D
13,Prunus virginiana,8,0.3,D
13,Prunus serotina,1,2.4,A
13,Prunus serotina,1,2.2,A
13,Prunus serotina,4,1.3,A
13,Prunus serotina,5,3.1,A
13,Prunus serotina,7,1.0,A
13,Prunus serotina,7,2.1,A
13,Prunus serotina,8,3.0,A
13,Prunus serotina,9,1.3,A
13,Prunus serotina,9,6.7,A
13,Quercus alba,1,9.7,A
13,Quercus alba,1,3.1,A
13,Quercus alba,1,1.6,A
13,Quercus alba,1,3.8,A
13,Quercus alba,3,12.2,A
13,Quercus alba,4,3.2,A
13,Quercus alba,4,10.1,A
13,Quercus alba,4,1.2,A
13,Quercus alba,4,13.5,A
13,Quercus alba,5,9.1,A
13,Quercus alba,6,19.3,A
13,Quercus alba,7,8.5,A
13,Quercus alba,7,7.4,A
13,Quercus alba,7,11.5,A
13,Quercus alba,8,6.3,A
13,Quercus alba,8,4.2,A
13,Quercus alba,8,5.6,A
13,Quercus alba,8,7.5,A
13,Quercus alba,9,14.4,A
13,Amelanchier arborea,1,1.6,A
13,Quercus rubra,6,5.7,A
13,Quercus rubra,7,11.7,A
13,Quercus rubra,8,2.0,A
13,Quercus rubra,9,8.9,A
13,Quercus rubra,9,9.2,A
13,Carya ovalis,1,16.5,A
13,Carya ovalis,1,3.2,A
13,Carya ovalis,1,5.1,A
13,Carya ovalis,1,3.4,A
13,Carya ovalis,2,6.5,A
13,Carya ovalis,2,14.3,A
13,Carya ovalis,2,5.9,A
13,Carya ovalis,2,5.1,A
13,Carya ovalis,2,5.7,A
13,Carya ovalis,3,11.6,A
13,Carya ovalis,3,9.9,A
13,Carya ovalis,3,11.7,A
13,Carya ovalis,3,2.6,A
13,Carya ovalis,4,1.7,A
13,Carya ovalis,4,2.9,A
13,Carya ovalis,5,4.8,A
13,Carya ovalis,5,3.0,A
13,Carya ovalis,8,7.9,A
13,Carya ovalis,8,4.6,A
13,Carya ovalis,9,1.3,A
13,Quercus velutina,3,9.5,A
13,Quercus velutina,3,12.8,A
13,Quercus velutina,7,11.0,A
13,Quercus velutina,7,6.6,A
13,Quercus velutina,8,7.1,A
13,Quercus velutina,8,11.0,A
13,Quercus velutina,8,9.4,A
13,Quercus velutina,8,8.2,A
13,Quercus velutina,9,7.0,A
13,Quercus velutina,9,11.3,A
13,Carya ovata,7,11.5,A
13,Acer rubrum,1,6.0,A
13,Acer rubrum,5,4.1,A
13,Acer rubrum,5,3.7,A
13,Sassafras albidum,3,1.5,A
13,Sassafras albidum,4,3.0,A
13,Sassafras albidum,4,3.8,A
13,Sassafras albidum,4,2.9,A
13,Sassafras albidum,5,2.7,A
13,Sassafras albidum,7,1.4,A
13,Prunus americana,7,1.4,A
14,Quercus alba,4,4.4,D
14,Quercus alba,5,1.1,D
14,Quercus alba,6,3.0,D
14,Quercus alba,6,2.6,D
14,Sassafras albidum,1,3.6,D
14,Sassafras albidum,3,5.1,D
14,Sassafras albidum,3,0.3,D
14,Sassafras albidum,4,4.8,D
14,Sassafras albidum,4,6.0,D
14,Sassafras albidum,5,1.5,D
14,Sassafras albidum,5,5.0,D
14,Sassafras albidum,5,1.4,D
14,Sassafras albidum,5,0.2,D
14,Sassafras albidum,5,0.2,D
14,Sassafras albidum,6,3.1,D
14,Sassafras albidum,7,9.1,D
14,Quercus velutina,3,4.8,D
14,Hamamelis virginiana,3,0.5,D
14,Hamamelis virginiana,4,1.0,D
14,Hamamelis virginiana,4,0.8,D
14,Hamamelis virginiana,4,0.9,D
14,Hamamelis virginiana,7,0.3,D
14,Hamamelis virginiana,7,1.0,D
14,Hamamelis virginiana,7,1.4,D
14,Hamamelis virginiana,7,1.6,D
14,Hamamelis virginiana,7,1.3,D
14,Hamamelis virginiana,7,0.9,D
14,Prunus serotina,1,0.2,D
14,Prunus serotina,1,1.2,D
14,Prunus serotina,2,0.3,D
14,Prunus serotina,3,0.3,D
14,Prunus serotina,3,0.6,D
14,Prunus serotina,6,0.9,D
14,Prunus serotina,6,1.9,D
14,Prunus serotina,6,1.1,D
14,Prunus serotina,6,1.1,D
14,Prunus serotina,9,0.5,D
14,Juniperus virginiana,9,3.1,D
14,Quercus alba,1,1.3,A
14,Quercus alba,4,2.4,A
14,Quercus alba,4,12.6,A
14,Quercus alba,4,12.8,A
14,Quercus alba,5,2.6,A
14,Quercus alba,5,2.1,A
14,Quercus alba,5,3.2,A
14,Quercus alba,6,2.4,A
14,Quercus alba,6,4.4,A
14,Quercus alba,7,10.7,A
14,Quercus alba,8,3.8,A
14,Quercus alba,8,5.5,A
14,Quercus alba,8,7.5,A
14,Quercus alba,8,10.1,A
14,Quercus alba,9,12.3,A
14,Quercus alba,9,11.2,A
14,Quercus alba,9,9.5,A
14,Carya ovalis,2,1.8,A
14,Carya ovalis,3,1.5,A
14,Carya ovalis,5,2.3,A
14,Carya ovalis,5,13.2,A
14,Carya ovalis,7,6.5,A
14,Carya ovalis,9,5.4,A
14,Carya ovalis,9,11.6,A
14,Carya ovalis,9,6.2,A
14,Quercus velutina,1,18.8,A
14,Quercus velutina,3,4.6,A
14,Quercus velutina,4,7.8,A
14,Quercus velutina,5,13.2,A
14,Quercus velutina,5,16.6,A
14,Quercus velutina,5,4.8,A
14,Quercus velutina,7,13.2,A
14,Quercus velutina,7,6.2,A
14,Quercus velutina,7,8.7,A
14,Quercus velutina,8,5.0,A
14,Quercus velutina,9,9.3,A
14,Prunus serotina,1,12.3,A
14,Prunus serotina,1,6.8,A
14,Prunus serotina,2,5.0,A
14,Prunus serotina,3,5.0,A
14,Prunus serotina,3,9.2,A
14,Prunus serotina,3,1.9,A
14,Prunus serotina,6,1.3,A
14,Prunus serotina,6,3.7,A
14,Prunus serotina,6,1.0,A
14,Prunus serotina,6,5.2,A
14,Prunus serotina,8,1.0,A
14,Prunus serotina,8,2.5,A
14,Prunus serotina,8,1.4,A
14,Prunus serotina,8,1.1,A
14,Populus grandidentata,2,8.4,A
14,Populus grandidentata,6,7.4,A
14,Populus grandidentata,6,7.4,A
14,Acer rubrum,3,3.1,A
14,Acer rubrum,4,8.8,A
14,Sassafras albidum,1,5.5,A
14,Sassafras albidum,1,5.6,A
14,Sassafras albidum,1,2.4,A
14,Sassafras albidum,2,7.4,A
14,Sassafras albidum,2,6.1,A
14,Sassafras albidum,2,6.2,A
14,Sassafras albidum,5,7.3,A
14,Sassafras albidum,5,5.9,A
14,Sassafras albidum,5,4.8,A
14,Sassafras albidum,8,2.0,A
14,Sassafras albidum,8,1.2,A
14,Sassafras albidum,8,1.1,A
14,Prunus virginiana,4,1.5,A
15,Quercus alba,9,2.3,D
15,Quercus velutina,2,11.3,D
15,Quercus alba,5,11.5,A
15,Quercus alba,5,5.8,A
15,Quercus alba,6,5.3,A
15,Quercus alba,6,5.0,A
15,Quercus alba,7,4.6,A
15,Quercus alba,8,12.1,A
15,Quercus alba,8,6.7,A
15,Quercus rubra,1,20.6,A
15,Quercus rubra,1,18.0,A
15,Quercus rubra,2,21.9,A
15,Quercus rubra,2,14.8,A
15,Quercus rubra,5,14.0,A
15,Quercus rubra,6,6.8,A
15,Quercus rubra,6,8.8,A
15,Quercus rubra,7,16.0,A
15,Quercus rubra,8,9.5,A
15,Quercus rubra,8,11.8,A
15,Carya ovalis,1,7.5,A
15,Carya ovalis,2,1.7,A
15,Carya ovalis,2,4.2,A
15,Carya ovalis,3,17.0,A
15,Carya ovalis,3,8.4,A
15,Carya ovalis,4,10.4,A
15,Carya ovalis,5,10.4,A
15,Carya ovalis,5,7.2,A
15,Carya ovalis,6,6.9,A
15,Carya ovalis,6,1.7,A
15,Carya ovalis,7,6.0,A
15,Carya ovalis,8,8.1,A
15,Carya ovalis,9,7.9,A
15,Carya ovalis,9,2.4,A
15,Quercus velutina,2,10.7,A
15,Quercus velutina,6,11.0,A
15,Quercus velutina,6,10.7,A
15,Quercus velutina,6,9.3,A
15,Quercus velutina,6,6.5,A
15,Quercus velutina,7,13.0,A
15,Quercus velutina,8,8.1,A
15,Carya ovata,4,8.7,A
15,Carya ovata,9,5.3,A
15,Carya ovata,9,1.6,A
15,Carya ovata,9,2.6,A
15,Carya ovata,9,9.2,A
15,Tilia americana,4,13.0,A
15,Tilia americana,4,10.7,A
15,Tilia americana,4,9.7,A
15,Tilia americana,4,3.3,A
15,Tilia americana,9,19.9,A
16,Quercus alba,3,2.6,D
16,Quercus alba,6,1.3,D
16,Quercus alba,6,2.3,D
16,Quercus alba,7,4.9,D
16,Quercus alba,8,4.0,D
16,Quercus alba,8,4.6,D
16,Amelanchier laevis,3,0.3,D
16,Sassafras albidum,3,1.0,D
16,Quercus velutina,6,14.4,D
16,Prunus serotina,4,0.5,D
16,Tilia americana,3,1.9,D
16,Acer rubrum,1,0.9,D
16,Acer rubrum,1,0.7,D
16,Acer rubrum,3,0.8,D
16,Acer rubrum,4,0.7,D
16,Acer rubrum,6,3.2,D
16,Quercus alba,6,5.9,A
16,Quercus alba,7,7.7,A
16,Quercus alba,7,8.6,A
16,Quercus alba,7,6.0,A
16,Quercus alba,8,7.1,A
16,Quercus alba,8,7.0,A
16,Quercus alba,8,14.2,A
16,Quercus alba,9,4.0,A
16,Quercus alba,9,14.2,A
16,Quercus rubra,1,1.6,A
16,Quercus rubra,2,18.5,A
16,Quercus rubra,5,15.8,A
16,Carya ovalis,1,13.9,A
16,Carya ovalis,1,18.8,A
16,Carya ovalis,2,12.7,A
16,Carya ovalis,3,11.9,A
16,Carya ovalis,3,19.2,A
16,Carya ovalis,4,9.4,A
16,Carya ovalis,4,3.9,A
16,Carya ovalis,5,9.7,A
16,Carya ovalis,6,15.7,A
16,Carya ovalis,6,5.5,A
16,Carya ovalis,7,15.0,A
16,Carya ovalis,8,6.4,A
16,Carya ovalis,8,4.5,A
16,Carya ovalis,9,1.5,A
16,Carya ovalis,9,6.7,A
16,Quercus velutina,8,11.6,A
16,Carya ovata,4,16.5,A
16,Tilia americana,1,1.1,A
16,Tilia americana,1,1.5,A
16,Tilia americana,1,2.8,A
16,Tilia americana,1,1.9,A
16,Tilia americana,1,1.1,A
16,Tilia americana,1,1.6,A
16,Tilia americana,3,2.3,A
16,Tilia americana,4,2.8,A
16,Tilia americana,4,1.7,A
16,Tilia americana,4,2.2,A
16,Tilia americana,6,1.6,A
16,Acer rubrum,1,1.8,A
16,Acer rubrum,1,1.8,A
16,Acer rubrum,1,2.5,A
16,Acer rubrum,1,2.2,A
16,Acer rubrum,2,1.5,A
16,Acer rubrum,2,9.4,A
16,Acer rubrum,2,4.3,A
16,Acer rubrum,2,10.0,A
16,Acer rubrum,2,3.4,A
16,Acer rubrum,2,7.2,A
16,Acer rubrum,2,2.1,A
16,Acer rubrum,2,1.5,A
16,Acer rubrum,3,1.8,A
16,Acer rubrum,3,1.2,A
16,Acer rubrum,3,3.6,A
16,Acer rubrum,3,1.3,A
16,Acer rubrum,4,1.6,A
16,Acer rubrum,4,2.3,A
16,Acer rubrum,4,1.9,A
16,Acer rubrum,4,2.9,A
16,Acer rubrum,4,1.0,A
16,Acer rubrum,5,1.8,A
16,Acer rubrum,5,3.2,A
16,Acer rubrum,5,2.9,A
16,Acer rubrum,5,1.1,A
16,Acer rubrum,5,1.9,A
16,Acer rubrum,5,1.2,A
16,Acer rubrum,5,1.5,A
16,Acer rubrum,5,1.0,A
16,Acer rubrum,5,2.2,A
16,Acer rubrum,5,3.0,A
16,Acer rubrum,5,2.7,A
16,Acer rubrum,5,2.1,A
16,Acer rubrum,5,2.0,A
16,Acer rubrum,6,1.7,A
16,Acer rubrum,6,1.4,A
16,Acer rubrum,6,2.9,A
16,Acer rubrum,6,1.3,A
16,Acer rubrum,6,2.8,A
16,Acer rubrum,7,15.4,A
16,Acer rubrum,7,2.9,A
16,Acer rubrum,7,3.5,A
16,Acer rubrum,7,1.1,A
16,Acer rubrum,8,4.0,A
16,Acer rubrum,8,1.0,A
16,Acer rubrum,8,1.2,A
16,Acer rubrum,8,1.1,A
16,Acer rubrum,8,1.6,A
16,Acer rubrum,9,1.3,A
16,Acer rubrum,9,1.4,A
16,Acer rubrum,9,4.9,A
16,Acer rubrum,9,4.0,A
16,Acer rubrum,9,1.2,A
16,Acer rubrum,9,1.9,A
16,Acer rubrum,9,1.0,A
16,Amelanchier laevis,1,1.1,A
16,Amelanchier laevis,1,1.2,A
16,Amelanchier laevis,3,3.3,A
16,Amelanchier laevis,8,1.2,A
16,Amelanchier laevis,9,1.3,A
16,Sassafras albidum,3,2.0,A
16,Sassafras albidum,3,1.9,A
16,Prunus serotina,5,2.4,A
16,Prunus serotina,5,1.8,A
16,Prunus serotina,7,2.3,A
16,Prunus serotina,8,1.7,A
16,Prunus serotina,8,1.2,A
16,Fraxinus americana,8,3.5,A
16,Ulmus americana,8,2.7,A
17,Quercus alba,3,3.4,D
17,Quercus alba,3,1.8,D
17,Quercus alba,6,2.7,D
17,Quercus alba,6,0.9,D
17,Quercus alba,7,3.1,D
17,Quercus alba,1,24.3,A
17,Quercus alba,1,8.2,A
17,Quercus alba,2,3.3,A
17,Quercus alba,2,4.1,A
17,Quercus alba,2,16.0,A
17,Quercus alba,2,3.2,A
17,Quercus alba,3,4.2,A
17,Quercus alba,4,5.2,A
17,Quercus alba,4,11.9,A
17,Quercus alba,4,4.5,A
17,Quercus alba,5,2.3,A
17,Quercus alba,5,3.1,A
17,Quercus alba,5,2.1,A
17,Quercus alba,5,4.1,A
17,Quercus alba,5,16.1,A
17,Quercus alba,5,1.3,A
17,Quercus alba,6,1.9,A
17,Quercus alba,6,2.6,A
17,Quercus alba,6,1.7,A
17,Quercus alba,7,6.9,A
17,Quercus alba,9,2.8,A
17,Carya ovalis,1,2.6,A
17,Carya ovalis,1,3.7,A
17,Carya ovalis,2,11.0,A
17,Carya ovalis,3,12.9,A
17,Carya ovalis,5,2.7,A
17,Carya ovalis,5,11.5,A
17,Carya ovalis,6,7.1,A
17,Quercus velutina,2,8.9,A
17,Quercus velutina,2,12.2,A
17,Quercus velutina,2,12.8,A
17,Quercus velutina,3,7.6,A
17,Quercus velutina,4,5.9,A
17,Quercus velutina,4,2.5,A
17,Quercus velutina,5,11.7,A
17,Quercus velutina,5,4.6,A
17,Quercus velutina,6,4.4,A
17,Quercus velutina,7,4.8,A
17,Quercus velutina,7,8.4,A
17,Quercus velutina,7,3.4,A
17,Quercus velutina,7,5.1,A
17,Quercus velutina,7,8.5,A
17,Quercus velutina,7,5.5,A
17,Quercus velutina,7,10.5,A
17,Quercus velutina,7,4.0,A
17,Quercus velutina,8,4.7,A
17,Quercus velutina,8,10.1,A
17,Quercus velutina,8,9.4,A
17,Quercus velutina,8,6.4,A
17,Quercus velutina,9,9.2,A
17,Quercus velutina,9,11.0,A
17,Quercus velutina,9,15.8,A
17,Quercus velutina,9,11.6,A
17,Quercus velutina,9,6.5,A
17,Quercus velutina,9,18.0,A
17,Prunus serotina,1,4.5,A
17,Prunus serotina,3,7.4,A
17,Prunus serotina,8,1.1,A
17,Populus grandidentata,9,1.3,A
17,Amelanchier laevis,1,2.2,A
17,Amelanchier laevis,6,2.4,A
17,Vitis spp.,9,1.1,A
17,Vitis spp.,9,1.2,A
17,Vitis spp.,9,1.0,A
18,Quercus alba,1,2.8,D
18,Quercus alba,4,1.2,D
18,Quercus alba,4,1.4,D
18,Carya ovalis,1,1.2,D
18,Carya ovalis,7,1.2,D
18,Sassafras albidum,1,1.5,D
18,Sassafras albidum,1,2.4,D
18,Sassafras albidum,2,1.5,D
18,Sassafras albidum,2,1.0,D
18,Sassafras albidum,2,1.7,D
18,Sassafras albidum,2,2.6,D
18,Sassafras albidum,2,2.0,D
18,Sassafras albidum,2,1.8,D
18,Sassafras albidum,2,2.6,D
18,Sassafras albidum,3,1.6,D
18,Sassafras albidum,3,1.5,D
18,Sassafras albidum,3,1.0,D
18,Sassafras albidum,4,0.6,D
18,Sassafras albidum,5,2.9,D
18,Sassafras albidum,5,0.7,D
18,Sassafras albidum,5,1.1,D
18,Sassafras albidum,5,1.2,D
18,Sassafras albidum,6,1.3,D
18,Sassafras albidum,6,2.0,D
18,Sassafras albidum,6,1.8,D
18,Sassafras albidum,6,1.7,D
18,Sassafras albidum,6,2.2,D
18,Sassafras albidum,7,5.1,D
18,Sassafras albidum,8,3.4,D
18,Sassafras albidum,8,1.9,D
18,Sassafras albidum,8,0.9,D
18,Sassafras albidum,8,1.4,D
18,Sassafras albidum,8,2.0,D
18,Sassafras albidum,8,5.5,D
18,Sassafras albidum,8,6.3,D
18,Sassafras albidum,9,3.7,D
18,Sassafras albidum,9,1.1,D
18,Sassafras albidum,9,1.2,D
18,Sassafras albidum,9,1.5,D
18,Sassafras albidum,9,1.4,D
18,Prunus serotina,4,2.4,D
18,Prunus serotina,4,0.1,D
18,Prunus serotina,7,0.5,D
18,Prunus serotina,7,0.5,D
18,Prunus serotina,8,0.2,D
18,Quercus alba,1,5.8,A
18,Quercus alba,2,15.6,A
18,Quercus alba,2,13.2,A
18,Quercus alba,2,1.3,A
18,Quercus alba,3,8.4,A
18,Quercus alba,4,5.1,A
18,Quercus alba,4,6.2,A
18,Quercus alba,5,6.6,A
18,Quercus alba,5,13.3,A
18,Quercus alba,5,8.0,A
18,Quercus alba,5,7.2,A
18,Quercus alba,5,8.7,A
18,Quercus alba,6,11.2,A
18,Quercus alba,6,12.4,A
18,Quercus alba,6,7.9,A
18,Quercus alba,6,7.7,A
18,Quercus alba,6,5.1,A
18,Quercus alba,7,2.3,A
18,Quercus alba,7,1.5,A
18,Quercus alba,8,12.2,A
18,Quercus alba,9,6.4,A
18,Quercus alba,9,8.1,A
18,Quercus alba,9,6.5,A
18,Carya ovalis,1,15.1,A
18,Carya ovalis,2,10.1,A
18,Carya ovalis,2,9.4,A
18,Carya ovalis,2,10.2,A
18,Carya ovalis,3,13.8,A
18,Carya ovalis,4,3.9,A
18,Carya ovalis,4,1.5,A
18,Carya ovalis,4,8.6,A
18,Carya ovalis,4,3.1,A
18,Carya ovalis,5,7.7,A
18,Carya ovalis,5,1.3,A
18,Carya ovalis,5,1.4,A
18,Carya ovalis,6,3.6,A
18,Carya ovalis,6,3.1,A
18,Carya ovalis,7,5.4,A
18,Carya ovalis,7,1.6,A
18,Carya ovalis,7,5.4,A
18,Carya ovalis,7,1.1,A
18,Carya ovalis,7,14.7,A
18,Carya ovalis,8,9.0,A
18,Carya ovalis,8,7.4,A
18,Carya ovalis,8,1.2,A
18,Carya ovalis,9,3.0,A
18,Quercus velutina,1,10.0,A
18,Quercus velutina,4,14.4,A
18,Quercus velutina,9,18.1,A
18,Sassafras albidum,1,2.8,A
18,Sassafras albidum,1,1.8,A
18,Sassafras albidum,1,2.0,A
18,Sassafras albidum,2,2.3,A
18,Sassafras albidum,3,2.0,A
18,Sassafras albidum,3,3.8,A
18,Sassafras albidum,3,1.6,A
18,Sassafras albidum,3,1.7,A
18,Sassafras albidum,6,6.8,A
18,Sassafras albidum,6,1.4,A
18,Sassafras albidum,8,1.3,A
18,Prunus serotina,1,2.7,A
18,Prunus serotina,2,2.0,A
18,Prunus serotina,2,2.8,A
18,Prunus serotina,4,1.6,A
18,Prunus serotina,5,1.8,A
18,Prunus serotina,7,3.2,A
18,Prunus serotina,7,4.7,A
18,Prunus serotina,8,2.4,A
18,Prunus serotina,9,1.9,A
18,Acer rubrum,5,3.5,A
18,Amelanchier laevis,3,1.8,A
18,Amelanchier laevis,8,1.2,A
18,Amelanchier laevis,9,1.1,A
18,Sassafras albidum,9,1.5,A
18,Vitis spp.,1,0.9,A
18,Vitis spp.,1,0.5,A
18,Vitis spp.,1,0.8,A
18,Vitis spp.,1,1.4,A
18,Vitis spp.,1,0.8,A
18,Vitis spp.,5,1.0,A
18,Vitis spp.,8,0.6,A
18,Vitis spp.,8,0.5,A
18,Vitis spp.,8,0.5,A
18,Vitis spp.,9,1.1,A
18,Vitis spp.,9,0.9,A
18,Vitis spp.,9,0.7,A
18,Amelanchier arborea,3,1.7,A
19,Quercus alba,9,2.3,D
19,Carya ovalis,1,2.1,D
19,Quercus velutina,4,4.0,D
19,Quercus velutina,8,5.3,D
19,Quercus velutina,8,3.8,D
19,Quercus velutina,9,5.6,D
19,Populus grandidentata,7,2.1,D
19,Juniperus virginiana,7,2.4,D
19,Juniperus virginiana,7,0.6,D
19,Quercus alba,1,2.3,A
19,Quercus alba,3,13.1,A
19,Quercus alba,4,11.8,A
19,Quercus alba,5,1.2,A
19,Quercus alba,8,2.4,A
19,Carya ovalis,1,2.7,A
19,Carya ovalis,3,5.0,A
19,Carya ovalis,7,5.9,A
19,Carya ovalis,8,2.8,A
19,Quercus velutina,1,9.4,A
19,Quercus velutina,1,5.7,A
19,Quercus velutina,2,12.2,A
19,Quercus velutina,2,8.6,A
19,Quercus velutina,2,6.8,A
19,Quercus velutina,2,6.2,A
19,Quercus velutina,2,11.9,A
19,Quercus velutina,2,6.3,A
19,Quercus velutina,3,7.5,A
19,Quercus velutina,4,29.0,A
19,Quercus velutina,4,8.5,A
19,Quercus velutina,4,9.4,A
19,Quercus velutina,4,9.0,A
19,Quercus velutina,5,11.0,A
19,Quercus velutina,5,5.6,A
19,Quercus velutina,5,4.3,A
19,Quercus velutina,6,10.8,A
19,Quercus velutina,6,10.0,A
19,Quercus velutina,6,8.1,A
19,Quercus velutina,6,4.4,A
19,Quercus velutina,6,11.9,A
19,Quercus velutina,6,6.5,A
19,Quercus velutina,6,8.1,A
19,Quercus velutina,7,6.4,A
19,Quercus velutina,8,12.6,A
19,Quercus velutina,8,6.6,A
19,Quercus velutina,8,5.8,A
19,Quercus velutina,8,9.0,A
19,Quercus velutina,9,11.0,A
19,Quercus velutina,9,5.2,A
19,Quercus velutina,9,10.6,A
19,Prunus serotina,4,3.1,A
19,Prunus serotina,6,2.2,A
19,Quercus rubra,5,1.4,A
19,Juniperus virginiana,1,2.6,A
19,Juniperus virginiana,4,3.4,A
19,Carya ovata,2,9.1,A